Metoda,Dlugosc kroku,x0(1),x0(2),x(1),x(2),f_calls,Minimum Globalne,Sukces
Rosenbrock,0.1,0.0630505,-0.382477,-3.89282e-07,-0.182479,35,0,896122; NIE
Rosenbrock,0.5,-0.342323,-0.0742522,2.53348e-07,8.58424e-08,167,2,27862e-12; TAK
Rosenbrock,1,-0.909371,-0.169698,3.61878e-07,0.774715,195,0,619837; NIE
